Company page,CEO,Contact point,Contact point Romaji
http://www.gokou.jp/,竹中伸幸,北見誠,kitami makoto
https://syla.jp/,湯藤善行,湯藤善行,yutou zenkou
http://www.leavelife21.com/,佐藤和弘,嶋田義之,shimada yoshiyuki
,,永井ゆかり,nagai yukari
https://jp.savills.co.jp/,クリスチャン・フランシス・マンシーニ,幸若美枝,kouwaka mie
,,神田尚紀,kanda naoki
https://www.colliers.com/ja-jp,小笠原行洋,"代表取締役社長　　　　　　鳥居  大祐

取締役副社長　　　　　　　大久保 英二

常務取締役　　　　　　　　遠藤  奨士","daihyoutorishimariyaku shachou             torii     daisuke

torishimariyaku fukushachou               ookubo   eiji

joumutorishimariyaku                 endou     shou samurai"
https://www.mackenzie.co.jp/,鳥居大祐,鳥居大祐,torii daisuke
,,大久保英二,ookubo eiji
https://www.asahi-kanri.co.jp,長田千江美,"長田千江美
森允彦","nagata chiemi
mori masahiko"
,,浦島冬樹,urashima fuyuki
https://www.fudealcreation.comhttps://www.fudealcreation.com/,古川伸樹,古川伸樹,furukawa nobuki
,,小野忠彦,ono tadahiko
https://www.tokyulifia.co.jp/,安岡史人,"代表取締役社長　関口　哲也
安岡史人","daihyoutorishimariyaku shachou   sekiguchi   tetsuya
yasuoka fumito"
,,平沢敏紀,hirasawa toshinori
https://www.haseko-hbp.co.jp/,池田直樹,"池田直樹
野村裕輔","ikeda naoki
nomura yuusuke"
https://www.mc-dream.com,石綿恒,"代表取締役社長　石綿 恒
取締役副社長　　淺利 澄人
","daihyoutorishimariyaku shachou   ishiwata   tsune
torishimariyaku fukushachou     asari   sumito
"
,,把野秋広,ha no akihiro
,,神出 創太郎,shinshutsu   souta rou
https://www.ektk.jp/,中川欽正,"中川欽正
酒井啓多","nakagawa kin sei
sakai kei ta"
,,坂野裕介,sakano yuusuke
https://www.realstraight.co.jp/,吉田浩司,"代表取締役社長 吉田 浩司
取締役 早川慎一郎
取締役 加藤 康二","daihyoutorishimariyaku shachou   yoshida   kouji
torishimariyaku   hayakawa shin'ichirou
torishimariyaku   katou   yasuji"
,,藤井正雄,fujii masao
,,吉野泰徳,yoshino yasunori
http://www.yoursnet.com/,丸山剛史,石島明,ishijima mei
https://www.kasegroup.co.jp/,谷間広規,本田正人,honda masahito
https://ls-home.co.jp/,坂井恵太,坂井恵太,sakai keita
,,小山 陽平,oyama   youhei
https://www.re.eneos.co.jp/index.html,丹羽逸夫,有重哲,arishige satoshi
,,中村斉,nakamura sei
https://www.clearth-rent.co.jp/,入内嶋徹,入内嶋徹,iriuchi shima tooru
,,千葉誠一,chiba seiichi
http://www.choutarou.co.jp/,浅沼永吾,浅沼永吾,asanuma ei ware
https://mibucorp.co.jp/index.html,栃木茂治,中河光平,nakagawa kouhei
,,福嶋圭太郎,fukushima keitarou
https://kenedix-pm.com,薦田晶,池田悠佑,ikeda yuu yuu
,,李聖憲,sumomo hijiri nori
https://www.w-juken.com/,渡邉毅人,"代表取締役社長／渡邉毅人
専務取締役／金田隆臣
取締役／鈴木宏秀
取締役／渡邉禮子
取締役／原かなえ
取締役／高橋勇登","daihyoutorishimariyaku shachou / watanabe tsuyoshi nin
senmu torishimariyaku / kaneda takaomi
torishimariyaku / suzuki hiroshi shuu
torishimariyaku / watanabe reiko
torishimariyaku / hara kanae
torishimariyaku / takahashi hayato"
,,千葉徹也,chiba tetsuya
https://www.home.co.jp/,小山陽一郎,"代表取締役社長　小山　陽一郎
取締役会長　　　小山　福松
常務取締役　　　井上　幸範","daihyoutorishimariyaku shachou   oyama   youichirou
torishimariyakukai chou       oyama   fukumatsu
joumutorishimariyaku       inoue   yukinori"
,,神山透,kamiyama touru
http://www.nishida-cp.co.jp/,西田光孝,,
https://www.mred.co.jp/,藏本清登,"代表取締役　藏本 清登
取締役　常務執行役員　石井 亜起人
取締役　常務執行役員　高際 紀夫
取締役　常務執行役員　永池 清⼈

執行役員　片倉 和孝
執行役員　石川 進
執行役員　志賀 英道","daihyoutorishimariyaku   kuramoto   sumito
torishimariyaku   joumu shikkou yakuin   ishii   a okito
torishimariyaku   joumu shikkou yakuin   takagiwa   norio
torishimariyaku   joumu shikkou yakuin   nagaike   kiyoshi ⼈

shikkou yakuin   katakura   wakou
shikkou yakuin   ishikawa   susumu
shikkou yakuin   shiga   hidemichi"
,,岡本淳一,okamoto jun'ichi
http://www.mcc-web.co.jp/index.html,龍田俊之,"代表取締役会長　 龍田 俊之
代表取締役社長　 小島 正嗣
代表取締役副社長 右田 耕司
松元芳久","daihyoutorishimariyaku kaichou     tatsuta   toshiyuki
daihyoutorishimariyaku shachou     kojima   masatsugu
daihyoutorishimariyaku fukushachou   uda   kouji
matsumoto yoshihisa"
https://www.sayama-f.co.jp/,伊藤宣明,"伊藤宣明
西野覚","itou nobuaki
nishino kaku"
,,川平 兼司,kawadaira   kenji
http://wakuwaku0909.co.jp/,鎌田友和,"代表取締役 CEO co-founder　鎌田 友和
取締役 co-founder　渡邊 勇太
取締役 CFO　渡辺 崇
執行役員 CMO　山本 大輔","daihyoutorishimariyaku  CEO co-founder   kamada   tomokazu
torishimariyaku  co-founder   watanabe   yuuta
torishimariyaku  CFO   watanabe   suu
shikkou yakuin  CMO   yamamoto   daisuke"
,,渡辺 崇,watanabe   suu
,,沖千賀,oki chiga
http://www.jr-estate.com/index.html,馬場誠,"馬場誠
宮坂徹","baba makoto
miyasaka tooru"
http://www.hulicbld.co.jp/index.html,須藤史彦,"須藤 史彦
芦川 健
徳田 哲也 
島田和彦","sudou   fumihiko
ashi kawa   takeshi
tokuda   tetsuya  
shimada kazuhiko"
,,豊川忠博,toyokawa tadahiro
https://www.n-asset.com/,宮川恒雄,宮川恒雄,miyagawa tsuneo
,,上野 謙,ueno   ken
https://www.gloria-inc.co.jp/,佐藤克彦,,
https://trusty-partners.co.jp/,関野大介,"関野 大介

先﨑 裕之
柚木 春樹","sekino   daisuke

saki saki   hiroyuki
yunoki   haruki"
,,,
,,花山康大,hanayama yasuhiro
https://www.urbankk.co.jp/,三戸部正治,"代表取締役会長 三戸部 啓之
代表取締役社長 三戸部 正治
","daihyoutorishimariyaku kaichou   mitobe   hiroshi
daihyoutorishimariyaku shachou   mitobe   masaji
"
,,秋元義礼,akimoto gi rei
https://www.artavenue.co.jp/,藤澤雅義,藤澤雅義,fujisawa masayoshi
,,原田亮,harada akira
,,細貝知之,hosogai tomoyuki
http://dips-group.com/,松田真実,石渡友美,ishiwatari yumi
https://www.solutions.proterial.com/,大木伸一郎,,
http://kinoshita-chintai.com/,尾﨑浩司,"代表取締役社長　尾﨑 浩司
取締役　木下 直哉","daihyoutorishimariyaku shachou   o o   kouji
torishimariyaku   kinoshita   naoya"
,,今野志行,konno kokorozashi gyou
http://www.yoei.co.jp/,稲垣尚,"代表取締役社長　　坂井　越紀
稲垣尚","daihyoutorishimariyaku shachou     sakai   etsu ki
inagaki takashi"
https://www.nitoh.co.jp/,宮園泰人,宮園泰人,miyazono taijin
,,森山祥平,moriyama shouhei
https://www.lives-group.com/,新畑誠,"新畑誠
松本紗希","shinhata makoto
matsumoto saki"
https://www.recias.co.jp/index.html,西澤尚哉,西澤尚哉,nishizawa naoya
http://www.plazahomes.co.jp/,桑田弘也,"桑田弘也
遠藤京子","kuwata hiroya
endou kyouko"
https://www.sunwood.co.jp/,森毅,森毅,mori tsuyoshi
,,樋田　忠,hida   tadashi
https://www.princess-square.co.jp/,出口博俊,"代表取締役　出口 博俊
代表取締役　塚田 康雅
取締役　飯沼 しず子
取締役　岩瀬 泰
取締役　小菅 勝仁
取締役　大島 均
取締役　米田 浩康","daihyoutorishimariyaku   deguchi   hirotoshi
daihyoutorishimariyaku   tsukada   yasumasa
torishimariyaku   iinuma   shizu ko
torishimariyaku   iwase   yasushi
torishimariyaku   kosuge   katsuhito
torishimariyaku   ooshima   hitoshi
torishimariyaku   yoneda   hiroyasu"
,,本村佳子,motomura keiko
https://jp.goodman.com/,グレゴリーグッドマン,Ray Goodman,Ray Goodman
,,牧野晋,makino susumu
,,,
https://stone-s.co.jp/,石井亮,石井亮,ishii akira
https://www.azplan.co.jp/,松本俊人,松本 俊人,matsumoto   toshihito
,,相馬剛,souma tsuyoshi
http://www.haseko.co.jp/ha/,楢岡祥之,榊山統利,sakakiyama tou ri
https://www.veritas-investment.jp/,川田秀樹,川田秀樹,kawada hideki
https://www.s-realty.co.jp/,山口憲二,山口憲二,yamaguchi kenji
http://www.ss-j.co.jp/,細井保雄,細井保雄,hosoi yasuo
https://www.jp-properties.jp/,島隆正,島隆正,shima takamasa
https://www.glp.com/jp/,帖佐義之,帖佐義之,chousa yoshiyuki
https://loadstarcapital.com/,岩野達志,岩野達志,iwano tatsushi
https://www.re-ism.co.jp,齋藤信勝,"代表取締役　齋藤 信勝
取締役　岡田 秀幸
取締役　織田 基久
取締役　挽地 裕介","daihyoutorishimariyaku   saitou   nobukatsu
torishimariyaku   okada   hideyuki
torishimariyaku   oda   motohisa
torishimariyaku   ban chi   yuusuke"
http://www.hidamarihouse.co.jp,塚越敦史,渡邉正治,watanabe masaji
https://www.b-r-i.co.jp/,福原大輔,"代表取締役兼CEO - 福原大輔

専務取締役兼執行役員 - 田村智文

常務取締役兼執行役員 - 堀内陽介

常務取締役兼執行役員 - 向井秀暢","daihyoutorishimariyaku ken CEO -  fukuhara daisuke

senmu torishimariyaku ken shikkou yakuin  -  tamura tomofumi

joumutorishimariyaku ken shikkou yakuin  -  horiuchi yousuke

joumutorishimariyaku ken shikkou yakuin  -  mukai shuu nobu"
https://www.cfnets.co.jp/,木内哲也,木内哲也,kiuchi tetsuya
https://www.minorasu.co.jp/,石川英嗣,,
http://www.ace-center.co.jp/,望月圭一郎,内野浩,naiya hiroshi
http://www.goodworks.jp/,小畑剛,小畑剛,obata tsuyoshi
http://www.highness.co.jp/,重盛政幸,"代表取締役　重盛 政幸
取　締　役　芦谷 一美
取　締　役　杉山 恵里
取　締　役　片岡 哲
取　締　役　日向寺 義人
取　締　役　長谷部 浩志","daihyoutorishimariyaku   shigemori   masayuki
shu   tei   yaku   ashiya   kazumi
shu   tei   yaku   sugiyama   eri
shu   tei   yaku   kataoka   satoshi
shu   tei   yaku   hyuugaji   yoshito
shu   tei   yaku   hasebe   hiroshi"
https://stellarforce.com/,有村政高,"代表取締役CEO　有村 政高
MASATAKA ARIMURA

取締役COO　辻井 政貴
MASATAKA TSUJII","daihyoutorishimariyaku CEO   arimura   matsurigoto taka
MASATAKA ARIMURA

torishimariyaku COO   tsujii   masataka
MASATAKA TSUJII"
,,村岡 榮,muraoka   sakae
,,本多 祐介,honda   yuusuke
https://leben-realnet.co.jp/index.html,岡部剛,小川兼一朗,ogawa ken'ichi akira
http://www.meiwa-g.co.jp/,塩見紀昭,"代表取締役　塩見紀昭
取締役　梅舘絵美
取締役　塩見栄吉
取締役　小松﨑祐一","daihyoutorishimariyaku   shiomi noriaki
torishimariyaku   ume kan emi
torishimariyaku   shiomi eikichi
torishimariyaku   komatsu komatsu yuuichi"
,,,
http://www.frontier-house.co.jp/,佐藤勝彦,,
https://lattrait.co.jp/,脇田栄一,"代表取締役（CEO）	脇田 栄一

取締役:	
栗原 一成
甲斐 信武","daihyoutorishimariyaku ( CEO )  ) wakita   eiichi

torishimariyaku :  :
kurihara   kazunari
kai   nobutake"
,,,
https://www.ecolie.jp/,日吉俊行,,
http://www.sotsu.gr.jp/index.html,堀越秀一,"代表取締役会長　堀越 秀一
代表取締役社長　後藤 謙明
常務取締役　三川 一志
取締役　郡嶋 哲郎
取締役　西岡 健
取締役　鈴木 俊介
取締役　狩野 徹也","daihyoutorishimariyaku kaichou   horikoshi   shuuichi
daihyoutorishimariyaku shachou   gotou   ken mei
joumutorishimariyaku   mikawa   kazushi
torishimariyaku   gun shima   tetsurou
torishimariyaku   nishioka   takeshi
torishimariyaku   suzuki   shunsuke
torishimariyaku   kano   tetsuya"
https://www.urbanet.jp/,田中敦,"代表取締役会長兼CEO - 服部 信治
代表取締役社長 - 田中 敦
常務取締役 - 赤井 渡
取締役- 猪野 晃史
取締役- 木村 義純","daihyoutorishimariyaku kaichou ken CEO -  hattori   shinji
daihyoutorishimariyaku shachou  -  tanaka   atsushi
joumutorishimariyaku  -  akai   watari
torishimariyaku -  ino   akifumi
torishimariyaku -  kimura   yoshizumi"
http://wny.co.jp/,中島 庸介,"代表取締役 中島 庸介
取締役 大竹 伸佳
取締役 七海 光太郎
取締役 中島 卓哉","daihyoutorishimariyaku   nakajima   yousuke
torishimariyaku   ootake   nobuyoshi
torishimariyaku   nanaumi   koutarou
torishimariyaku   nakajima   takuya"
http://www.rbk.co.jp/,芝﨑辰郎,"代表取締役 -  芝﨑 辰郎

横浜支店 支店長  - 鹿野巨人","daihyoutorishimariyaku  -   shiba shiba   tatsu rou

yokohamashiten   shitenchou   -  kano kyojin"
http://www.smtri.jp/,百瀬義徳,"取締役社長　　　百瀬 義徳
取締役　　　　　新目 一也 
取締役執行役員　森 政彦　 
取締役　　　　　小河 広樹","torishimariyaku shachou       momose   yoshinori
torishimariyaku           shin me   kazuya  
torishimariyaku shikkou yakuin   mori   masahiko    
torishimariyaku           ogawa   hiroki"
https://www.estruth.co.jp/#home,丸山功 - Isao MARUYAMA,飯田麻友,iida mayu
http://www.marumu.com/,楠本勝大,楠本勝大,kusumoto kachi dai
https://www.jpm-co.jp/,宮下純,,
https://dotown.co.jp/company/,道祖修二,道祖修二,douso shuuji
https://yamaken-bs.jimdofree.com/,山下信之,,
http://www.jrd.co.jp/,佐藤満,,
,,伊藤和重,itou kazushige
https://earth-signal.co.jp/,笠原喜雄,,
https://uk-corp.co.jp/,浦川浩貴,,
https://ebisu-fudousan.com/owner02/,檜垣知宏,檜垣知宏,higaki tomohiro
https://ycm.co.jp/,寺尾陽太朗,寺尾陽太朗,terao youta akira
,,上野良希,ueno ryou mare
http://sanko-om.co.jp/,前島康夫,前島康夫,maejima yasuo
,,太田孝,oota takashi
https://www.nlo.co.jp/,鈴木啓央,八重倉弘樹,yae kura hiroki
https://www.hana-int.co.jp/,姜景棹,姜景棹,kyou kei sao
https://www.leocorp.co.jp/index.html,吉村太佑,吉村太佑,yoshimura ta yuu
,,織間弘,shoku kan hiroshi
http://www.acua21.com/,藤原宏之,萩生田慎司,hagiuda shinji
http://www.yazawasougou.co.jp,谷澤薫,谷澤薫,tanizawa kaoru
https://www.nihonasset-navi.jp/,茂木亮介,茂木亮介,motegi ryousuke
http://www.kyouei-shouji.co.jp/,大森孝康,,
https://www.apamanshop-shonanchintai.com/,藤吉真史,藤吉真史,toukichi masashi
https://anthem.co.jp/,谷澤英樹,広瀬裕一郎,hirose yuuichirou
,,寺光勇人,tera kouyuu nin
http://www.arrow-c.com/index.html,野﨑義雄,,
https://www.nagomi.org/,柳田武道,伊藤いづみ,itou izumi
http://jyukenic.com/,小泉秀昭,渡邊　展浩,watanabe   ten hiroshi
,,鍋山健太,nabeyama kenta
https://www.eidai.co.jp/,菅原真一,梶野良嗣,kajino ryou tsugu
http://www.9gates.co.jp,持田智之,持田智之,mochida tomoyuki
,,佐山慎太郎,sayama shintarou
https://www.nehayas.net/,澤田学,澤田学,sawada gaku
,,帆足堅司,hoashi ken tsukasa
https://premiumlife.co.jp/,飯田一幸,菰田 耕一,komoda   kouichi
,,齋藤正博,saitou masahiro
http://www.aiosu.com/,石井芳幸,石井芳幸,ishii yoshiyuki
,,松川信治,matsukawa shinji
http://www.tomi-ks.co.jp/,嶋田祐司,嶋田祐司,shimada yuuji
https://www.omika.jp/,橘雄一郎,橘英太郎,tachibana eitarou
http://www.sunfeel.jp, 上池祐司,夏山勝,natsuyama kachi
http://www.meiwajisho.co.jp/,今泉向爾,今泉向爾,imaizumi kou ji
https://www.jyueitoshi.com/,坂田周,,
https://www.hc-21.co.jp/,小森谷則雄 - Norio Komoriya,小野塚美香子,onozuka mikako
http://www.owariya.com/,畠山正明,"代表取締役会長　大岩　博信
代表取締役社長　大岩　学","daihyoutorishimariyaku kaichou   ooiwa   hironobu
daihyoutorishimariyaku shachou   ooiwa   gaku"
https://quickconsulting.co.jp/,添田博之,,
https://www.mdlife.co.jp/mes/index.html,海野力,,
https://www.second-field.co.jp/,塩川恭浩,"代表取締役社長 ‐塩川 恭浩
専務取締役 - 塩川 洋平
取締役:
役松村 直
渋谷 治
中崎 勝仁","daihyoutorishimariyaku shachou   ‐ shiokawa   yasu hiroshi
senmu torishimariyaku  -  shiokawa   youhei
torishimariyaku :
yaku matsumura   choku
shibuya   osamu
nakasaki   katsuhito"
http://www.builcenter.com/rent/index.html,小野塚省吾,,
https://www.sakuratoshi.co.jp/,中尾佳正,,
http://www.milford.co.jp/,清水孝修,海老原亮,ebihara akira
,,伊藤　慎,itou   shin
https://www.idearise.co.jp,榎本正栄,菊地雅人,kikuchi masato
,,坂田倫明,sakata noriaki
https://terumi.jp/,高田龍美,,
http://www.nihon-jm.co.jp/,須藤一,,
https://47co.jp/,阿久根聡,阿久根聡,akune satoshi
https://www.asian.co.jp/,呉文偉,早野隆一,hayano ryuuichi
https://www.best-land.co.jp/corporate/,野口浩太郎,半田宏,handa hiroshi
https://www.jhra.co.jp/,青木陽幸,,
http://www.jkhome.com/,児玉隆,,
https://www.hiro-web.co.jp/,岡野剛,,
http://chintaiichiban.com/,木所裕幸,,
https://meiho-est.com/,矢吹満,,
http://www.yk-glip.co.jp/,長谷川建二,,
https://www.k-co.jp/,末吉薫,,
https://space-rent.co.jp/,高山義章,,
https://listdevelopment.jp/,木内寛之,,
https://www.toyo-re.co.jp/,舟岡利光,,
https://www.kksnt.co.jp/,近藤学,,
https://www.kazusaya.co.jp/,渡辺博,,
https://www.ikedayamaestate.com/,重松睦,,
http://www.cjstokyo.co.jp/,大城大画,,
http://www.snjkk.com/,中村慎似,,
https://www.hokushinfudosan.co.jp/index.html,富田正樹,,
https://www.d1rc.com/,奈良田隆,,
https://www.liv-group.co.jp/corporate/group02.html,杉本一也,,
https://www.howstation.com/,岩崎政二,,
http://www.enplus.co.jp/,雲下加奈,,
http://www.darwin-ap.co.jp/,男松祐次,,
https://www.roomstyle.co.jp,中村洋介,,
https://we-capital.co.jp/,松田悠介,,
http://www.japanvaluers.com/jp/,小室淳,,
http://www.tt-ia.com/,杉瀬一樹,,
https://www.sumainohiroba.com,齋藤幸夫,,
https://www.climbk.co.jp/,加藤憲,,
https://www.cscreate.co.jp/,佐藤富士夫,,
http://svc.skk.jp/,寺本明男,,
https://nisshin-hd.co.jp/,堤幸芳,,
https://www.cresfudousan.com/,細見純孝,,
https://www.globe.ne.jp/,徳山雅紀,,
http://www.omega-e.co.jp,増尾佑也,,
http://www.kanbetochi.co.jp/,神戸雄一郎,,
https://www.greenseed.jp/,岡本真治,,
http://www.newtown.co.jp/,松浦朝己,,
https://www.nworks.co.jp/,矢嶋和幸,,
https://www.sakura-jh.com/,廣田泰成,,
http://www.cleon.co.jp/,池水広武,,
http://www.villahousing.co.jp,林俊二,,
https://www.e-sumai.co.jp,土肥伸一郎,,
http://www.alteka.com/,野村紘一,,
https://plan-d.co.jp,杉山浩一,,
https://worldparkjp.com/,石山高広,,
http://e-mandarin.jp/,小井戸竜生,,
https://restandard.co.jp,岡本和宏,,
http://sudo-kensetsu.co.jp/,須藤隆,,
http://www.unite-corp.com/,山田秀樹,,
https://www.mitsubishi-hc-capital-property.jp/,西喜多浩,,
https://post-lintel.com/,坂東多美緒,,
http://styleact.co.jp/,沖有人,,
https://uchida-house.co.jp,内田新也,,
http://ibi-inc.co.jp,金子健作,,
https://www.cityindex.co.jp/index.html,香取亮,,
https://www.as1.co.jp/index.php,宮﨑芳雄,,
http://www.daiyu-group.com/,山口紀之,,
https://www.34fh-res.co.jp/,大竹智之,,
https://www.adeka-lifecreate.co.jp/,影島光,,
https://www.ie-estate.co.jp/,小島弘義,,
https://www.dualtap.co.jp/,臼井貴弘,,
https://willows.co.jp/,朝倉大樹,,
https://www.megroup-2.jp/,宮下章,,
https://www.star-link.co.jp/,長尾泰治,,
https://www.threv.co.jp/,赤間健一郎,,
https://oval.gr.jp/,石岡淳,,
https://divinecorp.co.jp/,宮城龍,,
https://www.sakura-inc.co.jp/,白井重雄,,
http://tt-trust.co.jp/,石井亮平,,
http://www.token-bt.co.jp/,藤島由康,,
https://to-jo.co.jp/,宮村明彦,,
https://www.acn-fudosan.co.jp/,田積毅,,
http://www.sakura-realestate.co.jp/index.html,羽田昭,,
https://roomcore.jp/,亀田浩仁,,
https://www.ssknet.co.jp/,坂入正司,,
http://syuutaku.com/,米原恭淳,,
https://www.fudousankeizai.co.jp/,髙橋幸男,,
https://www.landpia.co.jp/,吉田篤司,,
http://www.ph-104.co.jp/,石塚義深,,
https://www.richroad.co.jp/,徳田里枝,,
https://www.aikensetsu.jp/,坂本繁美,,
http://www.diest.co.jp/index.html,松本貞身,,
http://www.st-grande.co.jp/,嶋屋宏則,,
https://www.irios.co.jp/,酒井勝広,,
https://www.apaman-chintai.jp/,太田友伸,,
https://sylaholdings.jp/,湯藤善行,,
https://www.luke-realestate.com/,小島歩,,
https://www.temwas.co.jp/,南文雅貴,,
http://earth-bm.jp/index.html,石田茂雄,,
https://www.ma-r.co.jp/,田畑亮,,
http://www.t-p-o.com/,高木栄一,,
http://www.lebenhouse.co.jp,北西功,,
http://www.inaoka-h.com/,稲岡武義,,
https://www.d-r-m.jp/,篠原まゆみ,,
http://www.assist-business.jp,武井建次,,
https://leben-zestock.co.jp/,吉村典彦,,
https://www.housenavi-chintai.com,伊藤公士,,
http://eiwafudosan.co.jp/,青井修,,
https://www.tozai-tt.co.jp/,吉本好伸,,
http://www.axes.jp.net/,磯上仁志,,
https://www.higherground.co.jp/,鈴木健,,
http://www.nissyo-kiki.co.jp/index.html,清水健男,,
https://www.kajima-pm.co.jp/,山口皓章,,
https://www.kadoyafudosan.jp/,伊藤瑛彦,,
https://housingjapan.co.jp/,橋本光央,,
http://www.seibi-community.co.jp/,志村憲一,,
https://www.ruf.jp/,木村武史,,
https://meiho-prop.jp/,太田孝,,
https://drm-drm.com/,住谷英一,,
http://www.evansnet.co.jp/,佐藤龍,,
https://www.tknext.co.jp/,古張健,,
https://www.urbanest-a.com/,今坂治彦,,
http://flt-c.jp/,水野隆,,
http://youproject.jp/youproject/,矢澤俊一,,
https://probank-home.co.jp/,海老澤孝樹,,
https://www.c21-smica.com/,味戸吉春,,
http://ichiman.co.jp/,西島昭,,
https://www.m-standard.co.jp,樋口大,,
http://www.asuka-giken.co.jp/index.html,高橋賢,,
https://www.d-actus.com/,長岡利和,,
https://www.kokubu-t.jp/,君塚英治,,
https://wpo.co.jp/,鈴木朋子,,
https://le-gratte-ciel.com/,沖本洋晴,,
https://nikkei-hd.jp/,八幡政幸,,
https://www.tact-jsk.co.jp/,関博計,,
http://www.hitachihome.co.jp/,近藤博之,,
http://hamajyu.ocean-group.co.jp/,並木信哉,,
http://ksone.co.jp/,草野穣,,
http://villa-corp.com/,石田純也,,
https://www.ardepro.co.jp/,秋元和弥,,
http://www.pure-japan.co.jp/,下崎功,,
https://minato.company/,野口宏司,,
https://www.5050-land.com/,粟野工,,
https://www.jonan-capital.co.jp/,廣瀬貴之,,
https://www.epm-estate.com/,鈴木政晴,,
https://forestgarden.jp/,高木隆介,,
http://www.ewg.co.jp,田中克尚,,
https://www.idg.co.jp/,池田昌宏,,
http://www.inter-sol.co.jp/index.html,伊藤賢一,,
https://elemax.co.jp/,宇井茂,,
https://www.mullion.co.jp,福田敬司,,
http://www.bergen.jp/index.html,佐藤健児,,
http://y-kyodo.com/index.html,佐野浩,,
https://261-liber.com/,長多康時,,
https://estrade.jp/,仲間久芳,,
https://properties.co.jp/,高将司,,
https://www.zennichi.net/m/adoban/index.asp,宗像圭,,
http://www.kohama.jp/,大八木信義,,
https://www.n-house.co.jp/,萩原秀治,,
https://zuiho.co.jp/,曽根直己,,
http://www.daisuke.co.jp/,大久裕司,,
http://www.c21-sanko.com,古河一美,,
https://www.c21urara.com/,本多英樹,,
http://www.hokuto-am.co.jp/,上田真一,,
http://sun-house21.co.jp/,中原賢治,,
https://souken.bz/,井上善博,,
http://www.sato-fudosan.co.jp/,佐藤英雄,,
http://www.sun-build.jp/,落合幸弘,,
http://www.egh.jp,福田俊夫,,
http://gm-j.info,糸瀬猶弥,,
https://www.christy.co.jp/,新川義忠,,
http://www.servicemake.co.jp/,青木沢典,,
http://www.yfj.co.jp/,白井祐次,,
https://www.bliss.co.jp/index.php,山口征郎,,
http://plaza-service.co.jp,内山浩二,,
http://www.shin-ei-kouhatsu.co.jp/,豊崎純任,,
https://www.sakae-re.co.jp/index.html,一原大介,,
http://www.trustinvestment.co.jp/,立川祥吾,,
https://www.meiko-trading.co.jp/,松木正一郎,,
http://www.kowa-kia.co.jp/,近藤壮一郎,,
http://www.la-merci.co.jp/,山田忠男,,
http://www.bush-clofied.co.jp/,萩原達弥,,
http://www.toshin-jp.com/,藤江伸二,,
https://yield-next.co.jp/,岡庭昇吾,,
http://www.keyaki-s.com/,谷隆仁,,
https://www.omcinc.co.jp/,小川雅也,,
https://www.odawara-fudosan.com/,藤井香大,,
http://www.familyties.co.jp/,宍戸哲也,,
https://www.megroup-1.jp/index.html,前後正一,,
http://www.sugiura-syoji.co.jp/,杉浦武胤,,
